pre_word,include
based,n
multiple,n
system,n
live,n
measurements,n
degradation,n
trained,n
report,n
demonstrate,n
manipulation,n
isolated,n
assessed,n
for,n
tested,n
repercussions,n
an,n
simultaneous,n
using,n
applying,n
the,n
capitalizing,n
hour,n
brain,y
chip,n
patient,y
individual,n
organs,y
cultured,n
cells,c
relying,n
decouples,n
marrow,y
finders,n
enabled,n
organ,y
enable,n
lung,y
replication,n
of,n
lab,n
networks,c
time,n
tissue,y
isolation,n
through,n
colon,y
formation,n
tooth,y
materials,n
activity,n
both,n
and,n
barrier,c
under,n
transient,n
adjustable,n
powerful,n
performances,n
combine,n
where,n
intestine,y
model,n
length,n
enables,n
show,n
performed,n
grown,n
produces,n
perform,n
healing,n
that,n
organoid,y
kidney,y
retina,y
oncology,y
bbb,y
rnai,n
microvasculature,y
microvascular,y
microvessel,y
microvessels,y
elicited,n
breathing,n
choroid,y
spheroid,y
learning,n
nl63,n
with,n
obtain,n
patterned,n
screening,n
miniature,n
from,n
towards,n
wat,y
elisa,n
liver,y
gut,y
physiodynamic,n
heart,y
multiplexed,n
organoids,y
days,n
screened,n
formed,n
plant,n
trials,n
dynamics,n
airway,y
directly,n
developed,n
analysis,n
vasculature,y
tumor,y
infection,y
immunity,n
nerve,y
body,y
drugs,n
sizes,n
duct,c
glaucoma,y
fibrosis,y
angiogenesis,y
barriers,c
mesonephros,y
agm,y
hbm,y
cancer,y
vessel,c
network,c
cell,c
interactions,n
alveolus,y
niche,y
endometrium,y
circuitry,c
connection,n
enterocolitis,y
nec,y
bronchioles,y
microscopy,n
elegans,o
axons,y
axon,y
endothelium,y
en,n
aorta,y
skin,y
vagina,y
avm,y
carcinoma,y
islet,y
capillaries,y
environment,n
embryos,y
oviduct,y
seeding,n
as,n
pancreas,y
stable,n
versatile,n
airways,y
omentum,y
fungi,o
by,n
polymerized,n
acl,y
to,n
method,n
miniaturized,n
optics,n
via,n
in,n
generation,n
innervation,y
simple,n
injury,y
dimensional,n
biofilm,n
multiorgan,y
systems,n
windows,n
biocompatible,n
pathlengths,n
comprising,n
arbitrary,n
array,n
peristalsis,y
integrated,n
were,n
vessels,c
broadband,n
base,n
after,n
tissues,y
kb,n
glymphatics,y
gvu,y
impairments,n
unit,c
four,n
transflective,n
rapid,n
microtissue,y
slice,n
encapsulated,n
differentiation,n
labs,n
descriptors,n
clamp,n
states,n
human,y
leveraging,n
which,n
or,n
robust,n
coupling,n
sensing,n
efficient,n
structures,n
toward,n
future,n
atherothrombosis,y
performance,n
placentas,y
bone,y
mi,y
tbi,y
edo,n
bioremediation,n
light,n
various,n
such,n
lensless,n
fast,n
active,n
cavities,n
photoinitiated,n
short,n
electrostimulation,n
feasible,n
realizing,n
presents,n
this,n
laboratory,n
ai,n
realize,n
reuse,n
regions,n
generic,n
compatible,n
vibrations,n
tolerant,n
hearts,y
glomerulus,y
cytology,n
dysfunction,n
free,n
nanoparticles,n
prepared,n
metastasis,y
types,n
further,n
incorporates,n
biocompatibility,n
communication,n
wireless,n
complementary,n
reconfigurable,n
bound,n
mapping,n
inexpensive,n
achieve,n
cdna,n
enabling,n
synthesis,n
substrates,n
assay,n
mode,n
performing,n
midstream,n
frequency,n
bbtb,y
interface,n
disease,y
cavd,y
scalable,n
disruption,n
fabricated,n
automatic,n
over,n
focus,n
aneurysm,y
generated,n
interrogate,n
molecules,n
spheroids,y
neurons,y
achieving,n
on,n
targets,n
immobilized,n
axis,c
valves,n
ischemia,y
v,n
effective,n
behaviors,n
neuron,y
biomimetic,y
membrane,c
printed,n
rod,n
ad,y
enhanced,n
assays,n
coherent,n
glycans,n
1024,n
potentials,n
triggered,n
allows,n
diverse,n
emerging,n
new,n
artery,y
advanced,n
microcomb,n
their,n
radiotherapy,n
subsequent,n
quality,n
thrombosis,y
cartilage,y
rhizosphere,n
tunable,n
complex,n
including,n
than,n
promising,n
results,n
nose,y
lysed,n
device,n
minimal,n
inflammation,y
monolayer,c
monolayers,c
highlights,n
recirculation,n
designed,n
optic,n
enhance,n
deepbics,n
successful,n
oxide,n
optical,n
pump,n
into,n
gyroscopic,n
other,n
testis,y
defects,n
investigate,n
microfluidic,n
meter,n
direct,n
hybrid,n
technique,n
generate,n
particle,n
novel,n
leukemia,y
demonstrated,n
optimized,n
album,n
culture,n
reproducible,n
existing,n
flow,n
automated,n
our,n
s,n
subunit,n
rna,n
resources,n
crc,y
process,n
physics,n
source,n
modes,n
efficiency,n
2,n
sensors,n
reference,n
biosensor,n
convenient,n
control,n
implantation,n
inferred,n
out,n
reciprocity,n
versus,n
conventional,n
immunotherapy,n
vaccine,n
destructive,n
controlled,n
nephron,y
holographic,n
biomolecules,n
radar,n
proposed,n
nonreciprocity,n
bicmos,n
thz,n
ptychography,n
fully,n
specimens,n
experiment,n
you,n
glioblastoma,y
gbm,y
aspergillosis,y
low,n
hepatocytes,y
silicon,n
resistors,n
cost,n
scale,n
mir,n
imbs,n
offer,n
realized,n
sample,n
laboratories,n
develop,n
generating,n
powered,n
prevailing,n
compact,n
limited,n
accurate,n
peristaltic,y
large,n
three,n
shared,n
multifunctional,n
detection,n
portable,n
temperature,n
photonic,n
pcr,n
exhibit,n
nm,n
concept,n
resolution,n
throughput,n
identifies,n
permits,n
completely,n
minimize,n
muscle,y
acinus,y
analyses,n
reported,n
epidermis,y
passive,n
steatohepatitis,y
nash,y
nvu,y
organism,o
accomplishing,n
multimodal,n
enteroids,y
organotypic,n
affect,n
tumour,y
gka,y
reactions,n
guides,n
microphysiology,y
gradient,n
require,n
implemented,n
footprint,n
livers,y
filterless,n
matured,n
worm,o
bodies,n
personalized,n
bule,n
pong,n
cytotoxicity,n
channel,n
presented,n
infrared,n
disposable,n
rely,n
immune,n
proteins,n
lamp,n
create,n
ear,y
initial,n
all,n
combined,n
photonics,n
microscope,n
precision,n
ha,n
art,n
complete,n
electrotaxis,n
functionalities,n
facile,n
labels,n
speed,n
ultrasound,n
arrhythmia,y
eye,y
actuated,n
lv,n
cultures,n
circuits,c
phenotypes,n
hardness,n
microaneurysm,y
swift,n
epithelium,y
epitheliums,y
tubule,y
addressable,n
single,n
smart,n
mucosa,y
nem,y
continuous,n
perivascularniche,y
wall,n
parallel,n
parallelized,n
research,n
mucus,y
mechanotransduction,n
camera,n
emn,y
metastases,y
permeable,n
reports,n
develops,n
killing,n
ray,n
syndrome,y
flowing,n
required,n
gradients,n
movement,n
nephrotoxicity,y
placenta,y
tract,y
nafld,y
automatically,n
strains,n
supervised,n
because,n
located,n
polymerization,n
digitized,n
reveal,n
bacteria,o
lysis,n
however,n
interestingly,n
mutans,n
each,n
data,n
deterministically,n
ultrafast,n
nonlinear,n
implementing,n
selective,n
sensor,n
shft,n
microchannel,n
7,n
band,n
hinders,n
fabricate,n
designing,n
evolution,n
devices,n
density,n
first,n
electrolysis,n
these,n
nanoplasmonic,n
ratio,n
demands,n
lensfree,n
ultrasensitive,n
arrayed,n
accelerate,n
signals,n
index,n
predicts,n
bandwidth,n
contained,n
arrays,n
controllable,n
net,n
impact,n
between,n
excessive,n
soil,n
maximum,n
rgb,n
processing,n
er,n
better,n
codoped,n
doped,n
allowing,n
sensitive,n
propose,n
accelerator,n
accelerators,n
available,n
dielectric,n
influence,n
experiments,n
many,n
4k,n
wideband,n
gas,n
construct,n
isolator,n
mw,n
immunoprecipitation,n
well,n
fixed,n
neuromorphic,n
cyclic,n
smallest,n
simulated,n
analysed,n
polyp,y
integrating,n
colony,n
established,n
providing,n
processes,n
amnion,y
microenvironment,y
apoptosis,n
ti6al4v,n
proliferation,n
unified,n
combining,n
surfaces,n
fat,y
lysing,n
ir,n
while,n
routine,n
reagent,n
two,n
rates,n
fgsvr,n
high,n
rate,n
microstructures,n
microrobots,n
lnoi,n
fibrillation,n
plasma,n
smfish,n
them,n
film,n
mixing,n
hermitian,n
reservoir,n
metasurface,n
pad,n
mote,n
only,n
atomtronics,n
depends,n
treatment,n
extraction,n
draw,n
preparation,n
recording,n
aerogels,n
qcr,n
optimizing,n
pluvialis,o
confined,n
analytes,n
microphysiological,y
stress,n
efficacy,n
pah,y
iontophoresis,n
successive,n
flexible,n
ctcs,y
determined,n
separation,n
lungs,y
bioelectronics,n
occurring,n
integrable,n
counting,n
components,n
configuring,n
changing,n
strong,n
applied,n
nanopolyplexes,n
alcohols,n
ln,n
cornea,y
microscale,n
measure,n
homologues,n
capture,n
diamond,n
vesicles,n
bm,y
synovium,y
transducers,n
quantitative,n
noninvasive,n
hypoxia,y
effect,n
cigarettes,n
engineering,n
lines,n
physiology,n
assembling,n
resonators,n
3d,n
revolutionize,n
perovskite,n
precise,n
vortex,n
applications,n
at,n
densely,n
threshold,n
ghz,n
directional,n
power,n
electronic,n
squeezing,n
dodecamer,n
103,n
operate,n
ultracompact,n
biosensors,n
nmr,n
different,n
neurogenesis,y
pattern,n
maintained,n
viability,n
transistors,n
biology,n
measured,n
sources,n
microresonator,n
interferometer,n
producing,n
several,n
backscattered,n
full,n
optimise,n
optional,n
dividable,n
planar,n
operating,n
a,n
spectrometer,n
laser,n
variable,n
crosstalk,n
long,n
m,n
pumped,n
design,n
background,n
measuring,n
mainstream,n
state,n
mscs,n
resulting,n
polyimide,n
transport,n
implement,n
favorable,n
potential,n
information,n
present,n
filters,n
circuit,c
pdac,y
attractive,n
reliant,n
blood,y
life,n
establish,n
valve,c
patterns,n
structure,n
employing,n
programmable,n
performs,n
published,n
sophisticated,n
sorter,n
ecology,n
animal,o
impulse,n
ei,n
microreactors,n
conduct,n
simplified,n
train,n
current,n
innovative,n
typical,n
2d,n
vgt,n
epilepsy,y
either,n
evs,n
microslit,n
approach,n
similar,n
trafficking,n
facilitating,n
test,n
whether,n
provides,n
l,n
protocols,n
adipose,y
allergy,y
aligned,n
seamless,n
gel,n
digestion,n
achieved,n
conditions,n
kidneys,y
response,n
fbr,n
wound,y
remodeling,n
tumors,y
chap,n
pathway,n
antenna,n
improved,n
em,n
plasmons,n
characteristics,n
spikes,n
processed,n
counted,n
leverage,n
battery,n
saw,n
positions,n
bit,n
tongue,y
simulation,n
pathfinder,n
traditional,n
loss,n
microsystem,n
interaction,n
reagents,n
h,n
chamber,n
make,n
reliable,n
seven,n
nanoscopy,n
shaped,n
routing,n
competent,n
computer,n
asystem,n
holography,n
functional,n
lengths,n
assigned,n
carlo,n
antibodies,n
immobilization,n
simplifies,n
seeded,n
osteoarthritis,y
microbiome,y
sealed,n
adopting,n
amplification,n
manufactured,n
called,n
sound,n
separated,n
stimulations,n
undergo,n
reaction,n
investigated,n
intestines,y
practical,n
switches,n
stabilization,n
horse,o
developing,n
receptors,n
hyperpolarization,n
electrophoresis,n
indicated,n
partial,n
used,n
embedded,n
disc,n
microenvironments,y
shot,n
adjacent,n
tube,n
graphene,n
coupled,n
assisted,n
sinps,n
envisioned,n
synthesized,n
also,n
additional,n
blue,n
deformability,n
measurement,n
mobilities,n
nanostructures,n
involves,n
be,n
computation,n
chromatography,n
fluorophores,n
conducted,n
injured,n
directions,n
drawbacks,n
how,n
exemplary,n
actual,n
interfaces,n
photons,n
involved,n
electrochemical,n
analyzed,n
ore,n
ctx,n
displacement,n
ovary,y
termed,n
more,n
denudation,n
focuses,n
organisms,o
integrate,n
parasites,o
employs,n
walls,n
downstream,n
flocculation,n
formulated,n
signalling,n
population,n
immunoassay,n
stomach,y
here,n
minutes,n
therapy,n
incorporating,n
electrorotation,n
amd,n
5h,n
suitable,n
ease,n
photodiode,n
demonstrating,n
crystallography,n
growth,n
view,n
way,n
specific,n
patterning,n
variations,n
physiome,n
als,n
purified,n
calibrating,n
liposomes,n
logics,n
stressed,n
32,n
immunocytochemistry,n
integrates,n
niches,y
leverages,n
nanofilm,n
total,n
structured,n
bilayer,n
configuration,n
crowd,n
wells,n
shim,n
sinusoid,y
processor,n
layers,n
flame,n
concentrations,n
initiated,n
cascaded,n
made,n
bright,n
feature,n
small,n
vi,n
properties,n
excellent,n
ideal,n
dots,n
dual,n
featuring,n
emission,n
superprism,n
indistinguishable,n
e2,n
metabolomics,n
stent,n
employed,n
following,n
msn,n
compartment,n
being,n
prolonged,n
freeze,n
electrochemistry,n
highlight,n
fidelity,n
scar,y
accomplished,n
tests,n
distillation,n
ccrcc,y
moderate,n
instrument,n
hepg2,n
electrochemotherapy,n
parallelize,n
requires,n
dlbcl,y
pathophysiology,n
functions,n
subwavelength,n
integratable,n
allowed,n
femtosecond,n
propagating,n
transformative,n
myotubes,y
nvus,y
microfabricated,n
solutions,n
produced,n
pd,n
q,n
ring,n
waveguides,n
complicated,n
important,n
its,n
energy,n
nonvolatile,n
nitride,n
forces,n
plane,n
cmos,n
second,n
configured,n
configurable,n
visibility,n
field,n
pig,n
microholders,n
inherent,n
samples,n
phytoplankton,n
preprocessing,n
molograms,n
trapped,n
mechanical,n
diafiltration,n
driven,n
indicates,n
like,n
vitro,n
pipette,n
assessment,n
lymphoma,y
ft,n
acoustic,n
imaging,n
contraction,n
nephropathy,y
appealing,n
ce,n
sites,n
integration,n
shows,n
hypothetical,n
progeria,y
microvasculatures,y
computational,n
lightweight,n
step,n
displayed,n
dense,n
spdc,n
wavelengths,n
differential,n
demultiplexing,n
vein,y
fractions,n
migration,n
include,n
features,n
nanoenergetics,n
filtering,n
cycle,n
pharmacokinetics,n
mechanism,n
fab,n
junctions,c
tethered,n
synapse,y
interference,n
profile,n
oscillators,n
channels,n
nanoscale,n
program,n
venom,n
bioanalyzer,n
peak,n
chemical,n
microsensors,n
effects,n
any,n
parasitic,n
3,n
no,n
approximate,n
equivalent,n
identified,n
spe,n
joint,y
plasmonic,n
pass,n
localized,n
rings,n
although,n
up,n
shielded,n
droplets,n
sequential,n
extracted,n
implanted,n
packaged,n
consumption,n
si,y
semiconductor,n
saxs,n
one,n
detectors,n
harness,n
agnbs,n
areas,n
rotators,n
pairs,n
obtained,n
confirm,n
lidar,n
quantize,n
inp,n
downscaling,n
demanding,n
transform,n
virtual,n
makes,n
conversion,n
are,n
gyroscopes,n
customized,n
microstructured,n
polaritons,n
gsps,n
fts,n
blockade,n
higher,n
nanostructured,n
classifier,n
tree,n
lotus,n
term,n
cge,n
assembled,n
change,n
pip,n
investigates,n
eventual,n
dna,n
coral,o
volume,n
nanomanufacturing,n
nematodes,o
biocrude,n
manipulated,n
advance,n
qr,n
lens,n
accessible,n
stored,n
caf,y
once,n
operated,n
node,c
microorganisms,o
bioassays,n
conditioned,n
mixed,n
microfibers,n
liquids,n
washed,n
systematic,n
wire,n
myocardium,y
easy,n
development,n
compared,n
pare,n
immobilised,n
enzyme,n
miniaturize,n
immunoreacted,n
catalyzed,n
depending,n
perfused,n
electroelution,n
laccase,n
switch,n
monitoring,n
focusing,n
placed,n
characterized,n
site,n
powering,n
drpa,n
ready,n
storage,n
assembly,n
precipitation,n
ip,n
1h,n
snps,n
beyond,n
bands,n
tubules,y
so,n
level,n
intermediate,n
detectable,n
onto,n
consecutive,n
claims,n
orientation,n
amperometric,n
glass,n
entire,n
interferometric,n
facilitate,n
ebs,y
bendable,n
studies,n
chemicals,n
hybridization,n
estimated,n
achievable,n
viruses,o
rheometry,n
hse,y
models,n
prefer,n
consistent,n
reorientation,n
gc,n
aptamers,n
deionization,n
cdi,n
compartments,n
composition,n
sensitivity,n
housed,n
resolved,n
microelectrodes,n
computers,n
pathogens,o
raman,n
included,n
min,n
qds,n
hybridized,n
separations,n
accumulation,n
coli,o
antibody,n
uses,n
delivery,n
15,n
microcirculation,y
improvement,n
titer,n
electrophoretic,n
introduce,n
biases,n
glomeruli,y
derived,n
oscillation,n
seek,n
entanglement,n
use,n
yield,n
unity,n
medip,n
pixel,n
realization,n
minimise,n
activating,n
utilizing,n
stimulation,n
run,n
across,n
considerable,n
depolarized,n
organelles,n
entirely,n
mm2,n
fold,n
emulate,n
accelerating,n
conditionings,n
during,n
confirms,n
nanoprobes,n
stochastic,n
nanomagnets,n
finally,n
nanowires,n
sinw,n
electrode,n
less,n
incorporated,n
reduce,n
expand,n
operatable,n
o,n
staining,n
faster,n
namely,n
epetri,n
mul,n
impedance,n
couples,n
elastomeric,n
musculature,y
splenon,n
spleen,y
details,n
microbubbles,n
hnecs,y
alternative,n
registration,n
loadings,n
mechanics,n
bioreactor,n
complexity,n
same,n
detected,n
electrodes,n
spotted,n
expression,n
resonance,n
lanes,n
repro,n
studied,n
ogans,n
pressure,n
plug,n
removal,n
work,n
provided,n
template,n
electronics,n
combines,n
zebrafish,o
inscribed,n
coated,n
immunodetection,n
depend,n
adipocytes,y
reservoirs,n
protein,n
ionized,n
qpcr,n
larger,n
evaluated,n
sbs,n
printing,n
functionality,n
fpga,n
extreme,n
color,n
arranged,n
testing,n
smooth,n
fluorescent,n
objects,n
needs,n
previous,n
angles,n
quantified,n
handling,n
optimal,n
metabolites,n
bioassay,n
technologies,n
humidity,n
sorting,n
eight,n
sentinel,n
converter,n
soi,n
db,n
ultrasmall,n
compare,n
medium,n
advancement,n
microchannels,n
attained,n
radiochemistry,n
characterizing,n
parameters,n
marking,n
hair,y
competitive,n
respiration,y
constructs,n
steam,n
aquifer,n
equation,n
simulate,n
not,n
comparing,n
heaters,n
five,n
includes,n
filter,n
replaceable,n
risk,n
risks,n
spectroscopy,n
whole,n
columns,n
study,n
streamlined,n
advances,n
shrinking,n
define,n
memory,n
ligands,n
photodetector,n
recovery,n
tryptic,n
realizable,n
cocaine,n
preserved,n
fret,n
dynamic,n
b,n
c,n
radioisotopes,n
visibilities,n
enzymatic,n
operational,n
simpler,n
densities,n
silica,n
arc,n
curves,n
continuously,n
region,n
oct,n
trap,n
electroporation,n
acute,n
minute,n
weight,n
beam,n
detector,n
extensive,n
production,n
nws,n
techniques,n
volumes,n
oil,n
beads,n
proving,n
poc,n
created,n
chemotaxis,n
is,n
3c,n
routed,n
i,n
patch,n
mtf,n
transcribed,n
phenomena,n
transduction,n
defined,n
expressed,n
sugars,n
isotachophoresis,n
arrangement,n
emotion,n
without,n
kind,n
obtaining,n
electrical,n
opa,n
thermal,n
get,n
lc,n
situ,n
validation,n
crescentus,o
zone,n
standalone,n
distances,n
duplicated,n
waveguide,n
fish,o
interconnects,n
core,n
fov,n
minimum,n
most,n
denaturing,n
profiling,n
actuators,n
digital,n
chemiluminescence,n
avoiding,n
suspended,n
optofluidic,n
locations,n
undergoes,n
microcolumn,n
fibers,c
photosynthesis,n
formulation,n
characterise,n
administered,n
centrifuge,n
proteomes,n
tensions,n
showed,n
oligonucleotide,n
straightforward,n
type,n
weeks,n
locally,n
syringe,n
best,n
goes,n
faceplate,n
nanophotonic,n
biosensing,n
multianalyte,n
labeled,n
layer,n
cleaner,n
relate,n
operations,n
inhibitors,n
count,n
producible,n
repetitive,n
since,n
probes,n
recorded,n
films,n
amplified,n
utilizes,n
nanopores,n
collection,n
sequencing,n
aptamer,n
conformation,n
genome,n
maq,n
platform,n
breast,y
hplc,n
cytometer,n
ii,n
intelligence,n
particularly,n
diseases,y
obrb,y
cavitation,n
pack,n
gan,n
allow,n
technology,n
colonoids,y
joints,y
sufficient,n
respective,n
revolution,n
methods,n
findings,n
junction,c
nodes,c
brains,y
ulcer,y
dfu,y
animals,o
primary,n
modeling,n
multiorgans,y
achievements,n
patients,y
responses,n
immunology,n
homeostasis,n
vascularization,y
cardiomyocytes,y
cardiomyocyte,y
integral,n
ced,y
fly,o
drosophila,o
rhythm,n
characterize,n
microdroplets,n
ivf,y
microscopes,n
nanomaterial,n
biopsy,n
mechanobiology,n
lcs,n
possible,n
electrophysiological,n
improving,n
microsized,n
place,n
oa,y
biopsies,n
location,n
bbbs,y
drug,n
provide,n
behavior,n
morphogenesis,n
ims,n
typing,n
describe,n
dependent,n
miniaturised,n
markers,n
fishing,n
embryo,y
regeneration,n
related,n
call,n
evaluate,n
regarding,n
wormometry,o
proteomics,n
dofs,n
unique,n
analog,n
controlling,n
varying,n
programmablelab,n
scores,n
detect,n
tomography,n
sectioning,n
supercontinuum,n
collected,n
tweezers,n
inclusive,n
electrochemiluminescence,n
combinatorial,n
biological,n
classical,n
form,n
facilitates,n
14,n
manipulations,n
dispersive,n
passivated,n
uniquely,n
spiral,n
steps,n
prototyping,n
operation,n
qubits,n
creates,n
extended,n
meandered,n
fields,n
quantify,n
simultaneously,n
locking,n
supply,n
fireflies,n
parametric,n
wave,n
solitons,n
useful,n
transfection,n
kept,n
connected,n
machined,n
wdm,n
utilized,n
autonomous,n
engineered,n
solution,n
sustained,n
achieves,n
resonant,n
siliconbased,n
essential,n
constructing,n
biomaterials,n
crystallized,n
isothermal,n
voltages,n
irradiated,n
excitation,n
cavity,n
illustrate,n
led,n
microfluidics,n
photodetectors,n
another,n
microwave,n
monolithic,n
electrons,n
adaptive,n
requiring,n
generators,n
tip,n
principally,n
neurotransmitters,n
mounted,n
local,n
duplex,n
eit,n
pbs,n
atom,n
produce,n
massive,n
prevent,n
referenced,n
realised,n
points,n
microlaser,n
links,n
range,n
detailed,n
capacitance,n
resistive,n
tuning,n
microvalve,n
ensembles,n
800,n
prospective,n
backend,n
standard,n
contactless,n
but,n
transfer,n
efficiently,n
qed,n
sheets,n
phase,n
drive,n
tuneable,n
have,n
comb,n
construction,n
noisy,n
enriched,n
estate,n
average,n
fpis,n
pf,n
employ,n
mmminimum,n
lan,n
complement,n
interconnection,n
noise,n
microparticles,n
bz555,n
peptides,n
microplasma,n
capacity,n
platforms,n
nanowire,n
pid,n
elaborate,n
stimulated,n
doubling,n
influencing,n
conjugates,n
porous,n
translated,n
surface,n
promoters,n
glioma,y
function,n
epr,n
mr,n
hemorrhage,y
dnp,n
therapeutics,n
osteogenesis,y
cryopreservation,n
tme,y
conducting,n
microbiota,y
pioneering,n
harnessing,n
extensible,n
25922,n
nanopillar,n
follicles,y
7days,n
investigating,n
clockworks,n
inhibition,n
ali,y
line,n
flows,n
uwb,n
release,n
optec,y
brian,n
then,n
modulated,n
coefficient,n
monitored,n
fewer,n
hemostasis,n
propagate,n
disturbances,n
stability,n
phosphorus,n
heating,n
harvesters,n
trapping,n
endothelialized,n
invasive,n
hc,n
bridge,n
chemistry,n
micromachined,n
dep,n
allung,n
size,n
treated,n
sinus,y
lobule,y
vlsll,y
excited,n
fabricating,n
polysilicon,n
creating,n
glycosylation,n
uptake,n
confinement,n
microarray,n
plasmonics,n
renal,y
spine,y
viable,n
observing,n
contextuality,n
incorporate,n
periodontium,y
spme,n
boost,n
demux,n
common,n
resonator,n
exchange,n
protocol,n
bmecs,y
modules,n
magnets,n
leveraged,n
rock,n
bics,n
save,n
imager,n
hepatocyte,y
exist,n
dataset,n
dielectrophoresis,n
together,n
prostate,y
architectures,n
imaged,n
especially,n
potentially,n
k,n
benefit,n
executed,n
tiny,n
was,n
larva,o
induced,n
multiband,n
saves,n
cp,n
deterministic,n
1min,n
10,n
conducts,n
durable,n
acini,y
tem,n
organiods,y
down,n
millikelvin,n
2dmgos,n
units,c
vasculatures,y
good,n
bladder,y
spores,n
nanotube,n
ivd,n
latest,n
component,n
progress,n
everything,n
parenchyma,y
peptide,n
analyzers,n
cryogenic,n
biocircuits,y
lower,n
symmetric,n
tuner,n
supporting,n
tec,n
economical,n
realistic,n
exhaust,n
factor,n
stacked,n
sized,n
picosecond,n
increases,n
dnn,n
sram,n
awg,n
superconducting,n
superconductor,n
mbyte,n
foundry,n
aggregation,n
mechanisms,n
stage,n
optimize,n
chambers,n
waveforms,n
quantum,n
implementation,n
resource,n
graphs,n
handle,n
modern,n
magnetics,n
garnet,n
latency,n
cores,n
contrast,n
perfect,n
specification,n
distributed,n
revolutionized,n
stabilize,n
experiences,n
minimizes,n
coreflood,n
deployment,n
enough,n
significant,n
blocks,n
naive,n
accessing,n
resistant,n
greater,n
mhz,n
reduced,n
reduction,n
topological,n
share,n
plasticity,n
predictions,n
nonuniformity,n
protect,n
thick,n
mmwave,n
weights,n
computing,n
profiles,n
ubiquitous,n
1,n
aware,n
mram,n
sought,n
nems,n
mos2,n
order,n
esr,n
if,n
compromising,n
grained,n
insufficient,n
phonons,n
concealed,n
shape,n
artificial,n
narrow,n
ecg,n
cards,n
encrypting,n
smaller,n
spectrum,n
distance,n
highefficiency,n
advancing,n
visible,n
cast,n
investigations,n
supercapacitors,n
supercapacitor,n
mesh,n
emps,n
reduces,n
mb,n
build,n
domain,n
torus,n
multistage,n
microstructure,n
material,n
scarce,n
supported,n
sustainable,n
every,n
microlasers,n
ic,n
tape,n
implements,n
numerous,n
elements,n
spots,n
n,n
nonlinearity,n
display,n
backed,n
input,n
frequent,n
gyroscope,n
monolithically,n
register,n
accuracy,n
shortdistance,n
interdigitated,n
reconfigured,n
output,n
framework,n
impacts,n
lap,n
egg,n
dimensions,n
concerning,n
frequencies,n
homogeneous,n
improve,n
microspheres,n
signal,n
d2,n
distortion,n
module,n
mnps,n
oxidation,n
consuming,n
costly,n
increased,n
wavebands,n
threads,n
foreground,n
holistic,n
highest,n
regressions,n
pulse,n
normalized,n
widths,n
aid,n
liquid,n
abundant,n
unicasting,n
scheme,n
microcavities,n
satisfying,n
deposition,n
height,n
burr,n
investigation,n
terahertz,n
exploit,n
building,n
snapshot,n
angle,n
inference,n
cmp,n
positive,n
ito,n
transmission,n
receiver,n
given,n
exosome,n
evaluation,n
support,n
linewidth,n
written,n
promote,n
aided,n
reconstruct,n
controller,n
bifunctional,n
harvesting,n
totally,n
multifunction,n
bigradient,n
lasers,n
some,n
datalinks,n
geometry,n
multidimensional,n
instability,n
nanophotonics,n
attenuation,n
intelligent,n
need,n
series,n
grid,n
case,n
exploring,n
become,n
separate,n
coherence,n
supports,n
niobate,n
energetics,n
architecture,n
splitter,n
restricted,n
squid,n
contain,n
supplementary,n
within,n
adjusting,n
router,n
serpentine,n
rectification,n
lasing,n
hierarchical,n
hospital,n
oam,n
superior,n
linbo3,n
amenable,n
stresses,n
friendly,n
texture,n
element,n
sparknet,n
loop,n
teleportation,n
damage,n
alloy,n
generalize,n
w,n
rf,n
economize,n
strain,n
insensitive,n
frr,n
changes,n
composite,n
universal,n
siw,n
copper,n
overall,n
area,n
running,n
gpus,n
rlc,n
mm,n
cu,n
saturated,n
gain,n
interpolated,n
monitor,n
rising,n
rheometer,n
segment,n
having,n
parameter,n
surge,n
pipelined,n
d,n
magnons,n
calibrated,n
considering,n
lead,n
reducing,n
fed,n
monopole,n
systen,n
residing,n
communications,n
electrostatic,n
ended,n
heterodyne,n
swing,n
adding,n
rc,n
space,n
polarization,n
simulating,n
processors,n
hottest,n
largest,n
impeccable,n
introduced,n
rough,n
tone,n
loaded,n
capacitive,n
turn,n
lowest,n
deploy,n
nonreciprocal,n
multilayer,n
hypertonia,y
even,n
port,n
tapped,n
specificnetworks,n
insystem,n
temperatures,n
fluids,n
algorithms,n
718,n
aggressive,n
macroscopic,n
engineer,n
biomarkers,n
sparcl,n
pa,n
frameworks,n
uniform,n
equilibrium,n
built,n
linear,n
fluid,n
fill,n
implication,n
considered,n
done,n
lossy,n
applicable,n
scaled,n
basic,n
penalty,n
derive,n
gate,n
managing,n
few,n
polarized,n
thin,n
aligns,n
maintaining,n
mitigate,n
dper,n
gigascale,n
multilevel,n
thus,n
thermoswitchable,n
radius,n
distribution,n
nf,n
reveals,n
interconnected,n
workloads,n
dedicated,n
render,n
computations,n
showing,n
segmented,n
matching,n
removes,n
biochemistry,n
dominant,n
kvco,n
dmf,n
multiplexing,n
128,n
fastse,n
manipulate,n
compressed,n
global,n
adc,n
feed,n
reusing,n
associated,n
multipaired,n
skewed,n
vna,n
compensated,n
voltage,n
balls,n
eligible,n
nh,n
bundle,n
lowpower,n
management,n
175c,n
internet,n
architecting,n
ddr4l,n
eliminating,n
bulky,n
magnetic,n
exploration,n
droplet,n
among,n
wherein,n
dc,n
lowcost,n
seals,n
30,n
increasing,n
cables,n
algorithm,n
fire,n
six,n
photon,n
bufferless,n
wear,n
protecting,n
ips,n
ulk,n
doubled,n
tool,n
aspiration,n
therefore,n
modular,n
comprehensive,n
3n,n
transceiver,n
constraints,n
wires,n
general,n
serial,n
ferromagnetic,n
replace,n
agent,n
alloys,n
23,n
multiparameter,n
implicit,n
analogue,n
mass,n
expensive,n
buffered,n
paper,n
virtualizing,n
sharing,n
secure,n
associative,n
adaptable,n
demultiplexer,n
resilient,n
predesigned,n
preheating,n
idle,n
75n,n
static,n
hence,n
centric,n
manage,n
condensate,n
lf,n
keys,n
currently,n
tight,n
networsk,n
g,n
cut,n
eme,n
captures,n
immediately,n
little,n
gpu,n
occupied,n
driving,n
transponder,n
inserted,n
memories,n
cam,n
cracks,n
thereby,n
equal,n
microstrip,n
maximize,n
bank,n
apb,n
swb,n
popular,n
fefet,n
volatile,n
utilization,n
chalcogenides,n
futuristic,n
essentially,n
addressing,n
multiresonant,n
hardening,n
phosphor,n
real,n
hidden,n
upgraded,n
metal,n
elevated,n
cnt,n
obstruct,n
settings,n
consumed,n
merging,n
bundles,n
counters,n
modulators,n
geometries,n
cm,n
utilize,n
nanoparticle,n
distributions,n
demonstrates,n
covalent,n
fragile,n
mobile,n
internal,n
path,n
capabilities,n
doc,n
contribution,n
dictates,n
interconnect,n
multicast,n
executes,n
inaccuracy,n
inadequate,n
mwcnt,n
original,n
proposes,n
centralized,n
implications,n
caching,n
relies,n
ram,n
certain,n
todays,n
qd,n
challenges,n
bumps,n
repeatable,n
xor,n
delivered,n
corresponding,n
metamaterials,n
transparent,n
antennas,n
tailorable,n
species,n
prototyped,n
scope,n
shift,n
spin,n
emphasized,n
bei,n
emitters,n
trusted,n
add,n
apart,n
connections,n
wavelength,n
unnecessary,n
stdp,n
85mm2,n
bits,n
factory,n
unidirectional,n
independent,n
bringing,n
discontinuity,n
switching,n
erasable,n
photodiodes,n
plants,n
layered,n
subterahertz,n
bonds,n
awaited,n
freedom,n
failures,n
conceive,n
beds,n
neutrophils,n
oriented,n
4,n
recent,n
optoacoustic,n
verified,n
industrial,n
exploiting,n
nanoprecipitation,n
solenoidal,n
deposited,n
micropump,n
sampling,n
shielding,n
fabrication,n
uncooled,n
fractionated,n
scnts,n
specialized,n
coating,n
extract,n
access,n
transformation,n
8,n
appropriate,n
half,n
5nh,n
plating,n
toractical,n
inductor,n
special,n
curvilinear,n
bonded,n
clock,n
last,n
generator,n
customizing,n
selected,n
simd,n
atoms,n
ultraminiaturized,n
coding,n
gaussian,n
aggregate,n
budget,n
calorimetric,n
compares,n
cause,n
pumping,n
carry,n
reconfigure,n
curvature,n
exchanges,n
radix,n
managed,n
felt,n
soc,n
nanobiointerface,n
driver,n
parallelism,n
radars,n
has,n
esd,n
isolators,n
nonmechanical,n
logic,n
longest,n
nanodroplets,n
explore,n
microstrips,n
brings,n
embedment,n
encounters,n
example,n
mpc,n
game,n
aqueous,n
discharge,n
30mm,n
bmf,n
distribute,n
end,n
percent,n
redundancy,n
prefers,n
candidate,n
bw,n
stay,n
speedup,n
nics,n
modulator,n
sers,n
conversions,n
exotic,n
relativity,n
demodulated,n
64,n
diluted,n
nine,n
packed,n
uhq,n
remain,n
exploits,n
asymmetric,n
maximizes,n
intrinsic,n
cycles,n
selectivity,n
approaching,n
manipulating,n
compelling,n
increase,n
against,n
manufacturable,n
overhead,n
times,n
competing,n
dumping,n
assistance,n
indirectly,n
precisely,n
auxiliary,n
predictable,n
coolant,n
niobium,n
observed,n
interfaced,n
flat,n
value,n
programs,n
printable,n
media,n
particles,n
overcoming,n
rejection,n
solely,n
panel,n
ceb,n
demand,n
groups,n
analyzing,n
slot,n
prepare,n
targeting,n
estimation,n
inductorless,n
classification,n
external,n
crack,n
inspired,n
optimization,n
ystems,n
stacking,n
number,n
capacitor,n
spacecraft,n
magnetometers,n
when,n
multiplexer,n
electrically,n
interconnections,n
analytics,n
supplies,n
class,n
freezing,n
logs,n
frame,n
kv,n
reached,n
making,n
vlsi,n
contact,n
jets,n
those,n
purpose,n
estuary,n
milling,n
datasets,n
variation,n
plentiful,n
particular,n
carrier,n
usage,n
advocate,n
wired,n
coal,n
observations,n
spirometry,n
spirometer,n
pseudo,n
observable,n
planarized,n
modified,n
coil,n
neither,n
mainly,n
play,n
burden,n
tapered,n
solid,n
experimentally,n
fluidic,n
underlying,n
switchable,n
generates,n
dissipative,n
giant,n
record,n
breakthrough,n
ptl,n
sections,n
gigahertz,n
permit,n
inclination,n
registers,n
colorimetric,n
addressed,n
perspective,n
echo,n
compensate,n
multiprocessorsystem,n
physical,n
polymeric,n
subsystem,n
modest,n
alumina,n
grains,n
aiiibv,n
rfic,n
vibration,n
custom,n
it,n
cm2,n
calorimetry,n
calculated,n
knives,n
lds,n
dipole,n
10m,n
womb,y
overview,n
optoelectronic,n
reactor,n
gyro,n
content,n
rheometers,n
nano,n
cdma,n
jet,n
values,n
vlc,n
interrogator,n
amplitudes,n
prevented,n
synchronous,n
blms,n
61,n
software,n
nanoscopic,n
reinforcements,n
gap,n
introduces,n
triangular,n
multimolecule,n
fiber,c
training,n
green,n
subordinate,n
16,n
graft,y
allocate,n
elevate,n
wide,n
operates,n
unaffordable,n
mbits,n
intensive,n
400ghz,n
radiating,n
traceback,n
fifteen,n
execution,n
polythiophenes,n
oscillations,n
microvalves,n
factors,n
isoforms,n
supplying,n
suppress,n
adsorption,n
smp,n
fets,n
holes,n
enforces,n
optically,n
regimes,n
workpieces,n
chain,n
encountered,n
microarrays,n
events,n
fit,n
opo,n
cortex,c
die,n
telescope,n
reusable,n
imposed,n
m2,n
changed,n
domains,n
sustain,n
islands,n
rerouting,n
sensefet,n
concentrically,n
focused,n
srs,n
gpc,n
pecs,n
widely,n
mitigates,n
clusters,n
latencies,n
networ,n
multiprocessors,n
powerwireless,n
wled,n
pani,n
satellite,n
22mbit,n
mbit,n
traced,n
vertical,n
selectable,n
satellites,n
microfluid,n
thereof,n
hard,n
tracker,n
TRUE,n
receive,n
speedier,n
nanonetwork,n
capturing,n
realtime,n
attens,n
much,n
selection,n
microspectrometer,n
retargeting,n
equations,n
spm,n
spectrometers,n
preceding,n
failure,n
pulses,n
kbytes,n
tools,n
npcr,n
raid,n
desired,n
main,n
key,n
noncompetitive,n
leave,n
adopt,n
asynchronous,n
growing,n
robot,n
generalpurpose,n
sd,n
deliver,n
revolutionary,n
microinductor,n
radicals,n
microsphere,n
valuable,n
circuitries,c
iron,n
graphite,n
consider,n
predicting,n
nonlinearities,n
firewall,n
59kbits,n
service,n
cluster,n
basestation,n
basestations,n
focussing,n
trng,n
fine,n
identical,n
09mm2,n
ahb,n
bkv,n
extra,n
ws,n
added,n
multiprocessor,n
contains,n
distributes,n
stringent,n
localize,n
avoid,n
satisfy,n
spins,n
munching,n
day,n
dvs,n
spare,n
electricity,n
gaps,n
ldo,n
chips,n
nework,n
transceivers,n
distant,n
receiving,n
transmitting,n
waveguided,n
radiation,n
variety,n
balanced,n
underprovisioned,n
hole,n
selections,n
prefetching,n
nondestructive,n
efforts,n
alleviating,n
baluns,n
sharpest,n
quantifying,n
200,n
seeds,n
torque,n
converters,n
tfts,n
heterogeneous,n
evm,n
handheld,n
raids,n
cocktails,n
terms,n
adapting,n
recursive,n
addresses,n
grafted,n
pitch,n
estimate,n
denser,n
wax,n
metafunctions,n
cache,n
errors,n
fell,n
balances,n
unparalleled,n
analyse,n
multifunctionality,n
scaling,n
regulated,n
ten,n
100,n
splitting,n
aging,n
longer,n
radio,n
refresh,n
point,n
primitives,n
hop,n
connecting,n
alab,n
ions,n
improves,n
raw,n
olfaction,n
sdm,n
estimating,n
locked,n
refrigerators,n
regime,n
nn,n
phenomenon,n
microscopic,n
survey,n
jitter,n
implementable,n
combs,n
reconstructed,n
cw,n
inductors,n
hefty,n
private,n
pvt,n
trojan,n
lighter,n
enhancing,n
foster,n
hrgs,n
buffers,n
cooperative,n
assume,n
rql,n
midinfrared,n
style,n
nonuniform,n
6,n
flux,n
organic,n
ber,n
interesting,n
substantial,n
clamped,n
capacitors,n
rangefinder,n
validations,n
manages,n
forms,n
responding,n
grids,n
pads,n
datacenters,n
capability,n
suppressing,n
l2,n
batteries,n
proteome,n
detecting,n
why,n
link,n
teraohm,n
circular,n
mesoscopic,n
per,n
pendulum,n
rows,n
8kb,n
server,n
js,n
mcs,n
friction,n
ddmin,n
tracking,n
overcome,n
off,n
coordinated,n
remote,n
pes,n
gnc,n
characterization,n
crystal,n
narrowband,n
instrumentation,n
analyzes,n
bimetallic,n
induce,n
grow,n
highways,n
highway,n
scheduling,n
pj,n
synthesize,n
dissipation,n
hydrolyzed,n
60ghz,n
nematode,o
microtissues,y
arrangements,n
dichalcogenides,n
mapped,n
own,n
tolerance,n
preliminary,n
atomic,n
prefetchers,n
36,n
redesigned,n
lobe,n
sparse,n
proportional,n
adjusted,n
accomplish,n
emitter,n
favors,n
occurs,n
terabit,n
circulators,n
adiabatic,n
concentration,n
128b,n
gpgpu,n
contemporary,n
concrete,n
ultrathin,n
force,n
necessitates,n
necessary,n
c8051f410,n
ultrabroadband,n
lattice,n
sbd,n
decoupled,n
5r,n
nonintrusive,n
symmetrical,n
prototype,n
hydrogen,n
recyclable,n
endfire,n
adpll,n
delay,n
problem,n
5,n
qualitative,n
maximal,n
loads,n
rectified,n
regular,n
replay,n
spot,n
aic,n
intenser,n
tripolar,n
80ghz,n
dendrons,n
fault,n
smoc,n
affecting,n
update,n
insert,n
groove,n
drg,c
substrate,n
directed,n
slow,n
realizes,n
minimizing,n
travel,n
rational,n
customizable,n
instruments,n
hydrodynamics,n
breaker,n
role,n
256,n
drilling,n
brgs,n
morphology,n
multimode,n
transmissions,n
shale,n
actuate,n
442kb,n
trees,n
wrinkle,n
severe,n
major,n
62kb,n
considers,n
takes,n
velocity,n
qsns,n
matrix,n
elevating,n
rfid,n
spintronic,n
implantable,n
diode,n
twisting,n
elegant,n
wider,n
explosive,n
analyze,n
gbps,n
cloud,n
shrunk,n
nanoelectronics,n
working,n
guts,y
bar,n
about,n
understanding,n
communities,n
qc,n
bilayers,n
interferometers,n
recycling,n
roeic,n
steels,n
opportunities,n
gates,n
cryptography,n
miniaturisation,n
spp,n
energetic,n
earthquakes,n
actualize,n
arrange,n
butterfly,n
paths,n
determining,n
multiplex,n
double,n
dac,n
microsystems,n
lib,n
transistor,n
25,n
semiconductors,n
wfd,n
capacitances,n
summed,n
pins,n
banked,n
executives,n
cultivated,n
biglittlesystem,n
20,n
storing,n
workshop,n
teridian,n
evaluating,n
application,n
blending,n
flight,n
swcnts,n
later,n
immunoassays,n
found,n
etching,n
stack,n
streaming,n
diagnostic,n
community,n
zealand,n
concern,n
edram,n
instantaneous,n
now,n
exposing,n
binaries,n
commercial,n
ch,n
startup,n
sorted,n
ensure,n
eliminates,n
builds,n
recreated,n
crossbars,n
crossbar,n
ants,n
micro,n
unterminated,n
l3,n
elastic,n
canceller,n
abstracting,n
nanomechanical,n
boosting,n
activated,n
molecule,n
synthesised,n
stiffness,n
ctqws,n
containing,n
hardware,n
set,n
24,n
prone,n
basing,n
though,n
nanotechnology,n
steering,n
representations,n
diffusion,n
ens,y
arteries,y
dlamp,n
atherosclerosis,y
osteoclastogenesis,y
ast,n
biofactory,n
809,n
overlap,n
bwf,n
metabolomic,n
chosen,n
adapted,n
bunch,n
backscattering,n
exciting,n
target,n
dsc,n
smc,y
urothelium,y
acet,n
thyroid,y
cytometry,n
cholangiocarcinoma,y
cca,y
vc,y
pigs,n
purity,n
gelation,n
crevice,y
scaffold,n
gym,n
magnetically,n
TRUE,n
nanoprinted,n
capillary,n
circulator,n
vascularized,y
acid,n
designer,n
tumoroid,y
islets,y
pkd,y
breaking,n
rfss,n
inducing,n
implant,n
microelectrode,n
lqts2,y
dot,n
neurovasculature,y
consortia,y
loading,n
easily,n
poisoning,n
alveoli,y
occupy,n
mucositis,y
offering,n
red,n
105,n
shaper,n
stool,n
biosystem,y
mcts,y
abb,y
tendon,y
hbbb,y
mip,n
multipliers,n
expansion,n
melanoma,y
topology,n
boosted,n
packaging,n
scalability,n
pillars,n
spectrometry,n
causing,n
facto,n
ode,n
shg,n
specificity,n
incubation,n
ampacity,n
hil,n
metallic,n
electron,n
feeding,n
assembloid,y
thymus,y
validated,n
milliwatt,n
labeling,n
annulus,n
pji,y
experimental,n
strip,n
iv,n
error,n
npu,n
trajectories,n
action,n
lattices,n
linac,n
lamellae,n
uniformity,n
decompressed,n
vs,n
ises,n
tires,n
vascular,y
ma,n
nanosecond,n
gaas,n
multiplication,n
11,n
thickness,n
stop,n
account,n
exposure,n
mlgnr,n
arbitrates,n
1d,n
redundant,n
miniatured,n
donut,n
khz,n
degree,n
intensity,n
vast,n
security,n
weighted,n
complexes,n
lack,n
dominates,n
encrypted,n
ui,n
dressed,n
converting,n
predict,n
tuned,n
pulp,y
identify,n
transducer,n
intergraded,n
arranging,n
notched,n
least,n
finite,n
needle,n
fornetworks,n
pce,n
delays,n
spectrophotometry,n
multisubordinate,n
held,n
attacks,n
mk,n
enhances,n
cnns,n
crust,n
patents,n
gases,n
biodetections,n
hcc,y
ultraefficient,n