ID,pre_word,include
23,intestinal,c
58,duct,c
98,marrow,c
155,gland,c
162,cord,c
189,vessel,c
195,ductal,c
253,ductular,c
257,bud,c
312,junction,c
322,tubule,c
446,tube,c
478,plexus,c
515,tubular,c
531,barrier,c
576,pulp,c
595,tract,c
677,glandular,c
703,intestine,c
813,ganglion,c
1157,unit,c
1167,ganglia,c
1220,papillae,c
1237,node,c
1313,glands,c
1369,cup,c
1387,joint,c
1930,vessels,c
1982,networks,c
1985,vasculature,c
1989,barriers,c
1993,network,c
1995,niche,c
1996,circuitry,c
2109,intestines,c
2114,niches,c
2138,tubules,c
2166,nodes,c
2219,vasculatures,c
3,vivo,n
4,clonal,n
7,organizing,n
9,establish,n
11,specific,n
13,mouse,n
14,links,n
15,advanced,n
16,or,n
17,in,n
19,3d,n
20,altered,n
21,of,n
22,designed,n
24,d,n
27,the,n
29,an,n
32,normal,n
33,and,n
34,structure,n
35,branching,n
38,human,n
40,yield,n
42,these,n
43,23,n
44,major,n
45,during,n
50,generating,n
51,our,n
52,d14,n
53,18,n
54,individual,n
55,25,n
56,from,n
57,total,n
59,multilayered,n
62,formed,n
63,resultant,n
64,clinical,n
65,atoh1iko,n
66,primary,n
69,increases,n
71,single,n
72,that,n
73,by,n
75,establishes,n
76,for,n
77,infects,n
79,immuno,n
80,sensitive,n
81,resistant,n
83,on,n
84,density,n
85,diameter,n
86,sheet,n
87,digital,n
88,each,n
89,entire,n
91,diminished,n
93,to,n
94,complex,n
95,engineered,n
96,developing,n
97,future,n
100,established,n
101,cultured,n
104,comprehensive,n
105,positive,n
107,as,n
108,mutant,n
113,are,n
114,containing,n
115,produced,n
116,with,n
117,connected,n
118,integrating,n
120,out,n
121,such,n
122,organising,n
123,particular,n
124,same,n
125,follow,n
126,translational,n
129,novel,n
130,using,n
132,all,n
134,organised,n
135,promotes,n
136,into,n
141,employing,n
143,affected,n
144,unaffected,n
145,matched,n
148,describing,n
149,heterogenous,n
150,conventional,n
151,automated,n
152,named,n
153,opposite,n
154,high,n
156,nondifferentiated,n
157,between,n
158,unlabeled,n
160,creating,n
163,ordered,n
165,model,n
166,within,n
167,require,n
168,dimensional,n
169,seeded,n
170,bioprinted,n
171,pan,n
174,whole,n
175,form,n
178,enhanced,n
179,standard,n
180,simplifies,n
181,repaired,n
183,expandable,n
184,control,n
186,current,n
188,vitro,n
193,treated,n
194,vascularized,n
196,intraculture,n
197,is,n
199,defined,n
200,increase,n
201,decreases,n
203,based,n
204,2,n
205,immunocompetent,n
206,comparable,n
208,patterned,n
210,stained,n
212,activated,n
214,identified,n
215,solid,n
216,across,n
218,induced,n
219,reflected,n
220,move,n
221,producing,n
222,conduct,n
223,corrected,n
224,limited,n
225,other,n
226,supported,n
228,its,n
230,vascularizing,n
233,generate,n
234,fusion,n
238,active,n
241,present,n
242,identifies,n
244,different,n
246,used,n
251,confine,n
252,interacting,n
255,new,n
256,regionalized,n
259,engineer,n
260,implying,n
261,transplanted,n
262,underlying,n
263,many,n
264,sized,n
265,undesired,n
267,affect,n
269,study,n
270,better,n
271,allows,n
272,200,n
273,when,n
274,5,n
275,overall,n
276,infected,n
277,equivalent,n
279,any,n
280,24,n
281,including,n
283,where,n
284,canine,n
285,intact,n
286,live,n
287,term,n
288,differentiated,n
289,coupled,n
290,elongating,n
291,perturbing,n
295,whether,n
298,host,n
299,apical,n
301,deletion,n
302,directed,n
303,various,n
305,spherical,n
308,per,n
309,which,n
311,hare,n
314,edited,n
315,advancing,n
317,impaired,n
318,generated,n
321,globally,n
323,inverted,n
325,floating,n
327,micropatterned,n
329,differentiation,n
332,transduced,n
333,reporter,n
334,throughput,n
335,murine,n
336,while,n
337,combine,n
338,subsequent,n
340,migrating,n
341,ereg,n
342,egf,n
344,grow,n
345,distal,n
350,restricted,n
351,maintain,n
352,small,n
353,sustaining,n
354,culturing,n
355,utilize,n
356,facilitate,n
358,results,n
360,finding,n
361,chimpanzee,n
362,described,n
363,bioprint,n
365,controlling,n
366,but,n
367,score,n
368,mutated,n
369,additional,n
371,wt,n
372,living,n
373,dense,n
374,growing,n
375,merging,n
380,elongated,n
383,interactions,n
384,relevant,n
385,nonluminal,n
386,combined,n
387,zebrafish,n
388,cntnap2,n
390,15,n
393,kd,n
394,heterochronic,n
396,gfp,n
397,hampered,n
398,reduced,n
399,grafted,n
400,g1,n
402,called,n
403,deficient,n
406,existing,n
407,heterocellular,n
408,reactive,n
409,microenvironment,n
414,bombasal,n
415,impairs,n
416,promoted,n
417,hollow,n
418,stimulated,n
419,distinguishing,n
420,reaggregation,n
421,independent,n
422,serial,n
423,increased,n
424,169,n
425,repeatable,n
426,most,n
427,tractable,n
428,therapeutic,n
429,ko,n
430,immune,n
431,t21,n
434,mass,n
435,peg,n
436,4mal,n
437,combines,n
438,skewed,n
440,dissociated,n
441,than,n
442,bigger,n
443,induce,n
444,syngeneic,n
445,tumorigenic,n
449,phenotypic,n
451,culture,n
453,robust,n
454,hydrogel,n
456,forming,n
458,initiate,n
459,homogenous,n
462,secreted,n
463,gorilla,n
464,injured,n
466,both,n
467,promising,n
468,staging,n
469,quantified,n
471,mount,n
472,xenografted,n
473,at2,n
474,basal,n
475,clonogenic,n
476,derivative,n
477,free,n
479,demensional,n
480,fused,n
481,heterogeneous,n
482,one,n
485,sequence,n
486,multicellular,n
488,challenge,n
489,characterized,n
490,scaled,n
491,onchip,n
493,cleared,n
494,fixed,n
496,hypoxic,n
497,chimeric,n
498,programmable,n
500,inter,n
501,upscaled,n
502,integrated,n
503,compartment,n
504,poor,n
505,extensive,n
507,modified,n
508,transgenic,n
509,reproducible,n
510,mosaic,n
511,encapsulating,n
512,mixed,n
513,4,n
516,selected,n
517,primed,n
518,invading,n
519,although,n
520,extending,n
521,pooled,n
522,analyze,n
523,larger,n
526,vascularize,n
527,multiple,n
528,mature,n
529,v337m,n
533,multilineage,n
537,maintaining,n
538,merges,n
539,sensorimotor,n
540,dimentional,n
541,structured,n
542,inhibit,n
543,stable,n
544,300,n
547,rich,n
549,supplementing,n
551,healthy,n
552,persistent,n
554,recapitulated,n
556,stage,n
558,two,n
559,establishing,n
561,designing,n
562,smaller,n
564,mice,n
565,elsmc,n
567,5d,n
569,s,n
570,her,n
571,why,n
572,lineage,n
573,synthetic,n
574,inferred,n
575,vs,n
577,improve,n
578,obtain,n
579,institution,n
580,deleted,n
582,analyse,n
584,dysplastic,n
586,this,n
589,improving,n
590,resulting,n
591,compare,n
592,neurovascularized,n
593,heterotypical,n
596,developed,n
597,adult,n
598,multifocal,n
600,build,n
601,create,n
603,transwell,n
606,support,n
610,final,n
611,microfabricated,n
612,streamlining,n
614,how,n
615,five,n
616,their,n
617,regarding,n
618,inefficient,n
619,improved,n
620,chicken,n
621,suppressed,n
623,confines,n
624,promoting,n
625,aged,n
628,separate,n
629,recovery,n
630,8,n
631,quantifying,n
634,posttreatment,n
635,validated,n
637,undergone,n
638,empowering,n
639,micro,n
640,bipotential,n
643,no,n
644,differentiating,n
645,emerging,n
646,more,n
649,dysplasia,n
650,reflects,n
652,scalable,n
653,similar,n
655,autologous,n
656,lobed,n
657,rat,n
658,distinct,n
661,diabetic,n
662,performed,n
664,malignant,n
666,tolerant,n
667,type,n
668,reveals,n
670,recorded,n
672,de,n
673,cultivo,n
674,modelo,n
676,steering,n
678,lgr5,n
679,cryptevillus,n
680,interface,n
681,exposed,n
682,only,n
683,higher,n
684,lower,n
685,confirmed,n
686,g0,n
687,g2,n
688,2d,n
689,paracrine,n
690,through,n
691,at,n
692,early,n
693,nonba,n
696,monoclonal,n
697,sectioned,n
699,created,n
700,measure,n
701,caused,n
702,full,n
705,imaging,n
706,surviving,n
707,after,n
708,standardize,n
709,make,n
710,capture,n
711,well,n
712,49,n
713,hepg2,n
714,modeling,n
715,silk,n
716,produce,n
717,mean,n
718,230,n
719,cryopreserved,n
721,processing,n
723,em,n
725,be,n
726,following,n
727,initiated,n
732,22,n
733,isolated,n
737,precursor,n
738,female,n
739,showcases,n
740,makes,n
742,medium,n
743,sustainable,n
744,inhibited,n
745,quality,n
746,distinctive,n
747,those,n
748,3sa,n
749,1300,n
750,ipmninv,n
751,embedded,n
752,tko,n
753,chambered,n
754,naive,n
755,three,n
756,subcloned,n
758,noncf,n
759,limiting,n
760,premature,n
761,ivd,n
762,designer,n
763,branched,n
765,show,n
766,unique,n
767,depleted,n
774,promote,n
775,via,n
776,miniaturized,n
777,physiological,n
778,knockout,n
779,retain,n
780,regulate,n
781,10,n
782,beating,n
783,inflated,n
784,thick,n
785,decipher,n
786,disorganized,n
787,negative,n
788,thawed,n
789,directing,n
790,retained,n
792,toward,n
793,shapes,n
794,representative,n
795,transplantable,n
797,rapid,n
798,aberrant,n
799,smg,n
801,understand,n
802,functional,n
804,assembled,n
805,enabling,n
806,traditional,n
807,parent,n
809,innovative,n
810,were,n
811,labeled,n
812,direct,n
816,system,n
817,vitrogel,n
818,reached,n
819,describes,n
820,preserve,n
821,characterize,n
823,obtaining,n
824,seam,n
826,digested,n
828,restrict,n
830,minimal,n
831,f508del,n
832,alters,n
833,enriched,n
834,comparing,n
835,loaded,n
836,inside,n
839,7th,n
841,grown,n
843,epsilon4,n
844,3,n
846,disrupted,n
847,evaluate,n
848,decreased,n
852,downstream,n
853,detailed,n
855,alter,n
857,msc,n
858,preparing,n
859,paring,n
862,adherent,n
863,examine,n
864,noncancer,n
866,dissociate,n
867,patientderived,n
868,older,n
869,p53ko,n
870,kp,n
871,stemness,n
872,composite,n
873,combining,n
879,among,n
880,tka,n
881,successful,n
882,intra,n
883,collective,n
885,uniform,n
886,m,n
887,undifferentiated,n
888,ctr,n
889,fragile,n
890,develop,n
892,source,n
893,6,n
894,mcf10a,n
895,harnessing,n
897,iset,n
898,secreting,n
901,collagen,n
902,expressing,n
903,low,n
904,candidate,n
906,formulate,n
908,gestational,n
911,31,n
912,19,n
915,treating,n
916,significant,n
917,20,n
918,diverse,n
920,align,n
921,substantial,n
922,7,n
924,amplifiable,n
925,tramp,n
926,preventing,n
927,impacts,n
930,deterministic,n
931,myelinating,n
932,mut,n
933,hyper,n
934,parental,n
938,applied,n
939,budding,n
940,around,n
944,nontreated,n
947,rabbit,n
948,companion,n
949,advantage,n
950,several,n
951,hydro,n
952,matrigel,n
953,limit,n
954,define,n
955,termed,n
958,spatial,n
959,centrally,n
960,null,n
962,hub,n
963,cho,n
966,overexpression,n
967,isogenic,n
970,compared,n
972,development,n
973,bovine,n
974,ffpe,n
975,frozen,n
976,concentrate,n
977,orthotopic,n
978,biomimetic,n
979,60,n
980,tau,n
981,personalised,n
982,use,n
983,neutralizing,n
984,nedas,n
985,corresponding,n
987,nonresponding,n
988,p,n
991,arcuate,n
992,monitor,n
993,fol,n
994,irinofirinox,n
995,arg191his,n
997,grew,n
998,utilizing,n
1000,way,n
1001,if,n
1002,cumbersome,n
1003,some,n
1004,appropriate,n
1005,fabricating,n
1009,mimicked,n
1010,minimize,n
1013,kpc,n
1014,inoculated,n
1015,contained,n
1019,superior,n
1020,supports,n
1021,reduces,n
1022,arresting,n
1024,detects,n
1025,achieves,n
1026,personalized,n
1028,targeted,n
1029,perform,n
1030,explant,n
1033,ectopic,n
1034,resolving,n
1035,assess,n
1037,up,n
1038,sustained,n
1039,round,n
1040,shaped,n
1043,sophisticated,n
1044,optimize,n
1045,studying,n
1046,r1162x,n
1047,w1282x,n
1049,chemoresistant,n
1051,lapse,n
1053,exposing,n
1054,preformed,n
1055,16,n
1056,applying,n
1057,initiating,n
1058,restores,n
1062,heparg,n
1063,senescent,n
1064,contain,n
1067,assemble,n
1070,caski,n
1071,affecting,n
1073,optimal,n
1074,bmi,n
1075,positioning,n
1076,fl,n
1077,hybrid,n
1078,eighteen,n
1079,dispersed,n
1080,primate,n
1081,egfrviii,n
1084,viable,n
1085,local,n
1086,authors,n
1087,regulates,n
1088,engineering,n
1089,evolving,n
1091,include,n
1094,kc,n
1096,restored,n
1097,attached,n
1098,large,n
1099,even,n
1100,residual,n
1102,monitoring,n
1105,manual,n
1106,uses,n
1107,principal,n
1108,potent,n
1111,innervated,n
1115,shipping,n
1116,extends,n
1117,unhealthy,n
1120,accelerate,n
1121,species,n
1123,against,n
1124,associated,n
1125,regulating,n
1126,efficient,n
1127,initial,n
1128,maintains,n
1129,960,n
1130,yielded,n
1132,lasting,n
1133,recent,n
1134,derive,n
1135,artificial,n
1138,responsive,n
1139,orthogonal,n
1142,xeno,n
1143,made,n
1144,transplant,n
1145,threedimensionalcultured,n
1146,delivering,n
1147,allowable,n
1148,allogeneic,n
1149,irradiated,n
1150,dorsal,n
1151,ventral,n
1153,structural,n
1154,egfp,n
1156,2020,n
1158,line,n
1159,proximal,n
1160,generation,n
1161,bespoke,n
1162,implementing,n
1165,analyzing,n
1169,pdc,n
1170,purified,n
1171,postnatal,n
1176,predicting,n
1177,paired,n
1180,500,n
1181,passage,n
1183,coupling,n
1184,adequate,n
1186,advances,n
1188,guided,n
1190,advance,n
1191,newborn,n
1192,unified,n
1193,available,n
1194,studied,n
1195,constitute,n
1196,statement,n
1197,inflamed,n
1198,enhances,n
1199,whose,n
1201,delays,n
1202,protects,n
1203,prevented,n
1204,porcine,n
1209,can,n
1210,later,n
1211,related,n
1212,reconstituted,n
1214,wildtype,n
1215,isolate,n
1216,duration,n
1219,static,n
1221,old,n
1222,month,n
1223,nonibd,n
1226,shipped,n
1227,enlarged,n
1228,native,n
1231,powerful,n
1233,m1,n
1234,manageable,n
1235,confound,n
1236,distinguished,n
1238,inhibits,n
1239,sectioning,n
1240,removes,n
1241,identify,n
1243,challenged,n
1244,effective,n
1246,stereotypical,n
1248,propagated,n
1249,obtained,n
1251,untreated,n
1252,irradiating,n
1253,cognate,n
1254,measured,n
1255,function,n
1256,resembling,n
1257,first,n
1258,cat,n
1259,disaggregated,n
1260,validates,n
1261,mediated,n
1262,c,n
1265,biomaterial,n
1266,frequent,n
1267,towards,n
1269,optimized,n
1271,com,n
1272,mcf7,n
1273,temporal,n
1274,quantify,n
1275,coated,n
1276,pkc,n
1277,silico,n
1278,10w,n
1279,6w,n
1280,bioengineering,n
1281,l1,n
1282,v,n
1284,nonvascularized,n
1286,recently,n
1289,spg11,n
1290,eec,n
1291,prevents,n
1292,color,n
1293,formulating,n
1294,homogeneous,n
1295,determine,n
1296,prepare,n
1297,fabricate,n
1298,microspheroidal,n
1299,da,n
1300,preserves,n
1301,dissecting,n
1304,vdrdeltaiec,n
1305,heterotypic,n
1306,once,n
1308,induces,n
1309,ten,n
1310,abolish,n
1311,select,n
1312,cryopreservation,n
1314,numerous,n
1315,weanling,n
1318,unstained,n
1320,suppress,n
1321,chronic,n
1322,because,n
1323,nonmalignant,n
1324,noncarrier,n
1325,investigated,n
1326,whereas,n
1327,natural,n
1328,noninduced,n
1329,sustain,n
1330,nascent,n
1331,neo,n
1332,proliferative,n
1334,mutation,n
1335,amplified,n
1336,injected,n
1338,upregulated,n
1340,render,n
1341,highlights,n
1343,knockin,n
1344,typical,n
1345,targeting,n
1346,bilayer,n
1347,recovered,n
1348,expanded,n
1349,56,n
1350,diseased,n
1351,demonstrated,n
1352,alternative,n
1353,smooth,n
1354,42,n
1355,bacterial,n
1357,previous,n
1358,augmented,n
1359,since,n
1360,propagate,n
1362,standardized,n
1363,commercialising,n
1364,potentially,n
1365,rwv,n
1366,mtgocm,n
1367,organized,n
1368,relate,n
1370,showed,n
1371,lacked,n
1372,have,n
1373,infrequent,n
1374,benchmark,n
1375,illustrating,n
1376,arrayed,n
1378,expanding,n
1381,random,n
1382,contiguous,n
1383,surrounding,n
1384,day,n
1385,fabricated,n
1386,favoured,n
1388,skew,n
1389,92,n
1390,14,n
1391,prototypical,n
1393,lemgel,n
1394,nontransplanted,n
1395,yields,n
1396,engrafted,n
1397,endoscopic,n
1398,analyzed,n
1399,ali,n
1400,7days,n
1402,33,n
1403,closely,n
1404,65,n
1405,refined,n
1406,heterozygous,n
1408,presents,n
1409,90,n
1410,encapsulated,n
1411,controlled,n
1413,driven,n
1416,37,n
1417,nearby,n
1418,suspension,n
1419,employed,n
1422,dko,n
1424,proband,n
1426,every,n
1428,complete,n
1429,drive,n
1430,rescued,n
1431,manipulated,n
1436,cylindrical,n
1437,specialized,n
1438,ablated,n
1439,35,n
1440,immunotherapeutic,n
1441,benign,n
1442,premalignant,n
1444,reassembled,n
1445,nonstimulated,n
1446,bearing,n
1447,dependent,n
1450,sufficient,n
1451,constituting,n
1452,bulk,n
1453,renewing,n
1454,competent,n
1455,chimera,n
1456,patientyderived,n
1457,denser,n
1459,omi,n
1460,believe,n
1461,transformed,n
1462,r270h,n
1464,gobletenriched,n
1466,unstimulated,n
1468,pre,n
1469,proliferating,n
1470,aadko,n
1471,introducing,n
1472,aggregated,n
1473,alone,n
1474,fusing,n
1475,mpp,n
1476,construct,n
1477,microcapsule,n
1478,inaccessible,n
1479,80,n
1480,pc3,n
1481,endow,n
1483,homozygous,n
1486,endothelialized,n
1487,involves,n
1489,h,n
1491,perturbs,n
1492,protecting,n
1493,bipotent,n
1494,sensory,n
1495,fbxw7deltag,n
1496,test,n
1497,reconstitute,n
1498,silac,n
1499,allow,n
1500,limits,n
1501,1,n
1502,enhance,n
1503,impact,n
1504,seen,n
1505,considering,n
1506,process,n
1507,mdck,n
1510,sampled,n
1511,multitissue,n
1512,microfluidic,n
1514,lived,n
1515,unshocked,n
1516,stinging,n
1517,porcndel,n
1518,nonstellate,n
1519,sy5y,n
1520,trkb,n
1521,colonize,n
1522,determining,n
1523,trabacular,n
1525,practical,n
1526,a1,n
1527,improves,n
1529,date,n
1530,mammalian,n
1531,review,n
1532,bio,n
1535,interpret,n
1536,harness,n
1537,noncancerous,n
1538,about,n
1540,facilitating,n
1541,accurate,n
1542,maxillofacial,n
1543,complicated,n
1544,126,n
1545,sort,n
1546,modulate,n
1547,seed,n
1548,introduce,n
1549,cultivated,n
1550,reliable,n
1551,dictate,n
1552,autonomous,n
1553,over,n
1554,includes,n
1555,infused,n
1556,meets,n
1557,bioengineered,n
1558,tunable,n
1559,standalone,n
1560,findings,n
1561,namely,n
1562,governing,n
1563,visualize,n
1565,instruct,n
1566,refine,n
1567,years,n
1568,integrate,n
1569,orchestrate,n
1570,unlike,n
1571,sliced,n
1572,polarized,n
1575,scale,n
1576,reversed,n
1577,adopt,n
1579,highlight,n
1580,exploiting,n
1581,beyond,n
1582,trunk,n
1583,multisystem,n
1586,exploring,n
1587,content,n
1588,coculture,n
1589,deciphering,n
1590,underpinning,n
1592,rethinking,n
1593,position,n
1594,grant,n
1595,enhancing,n
1596,discuss,n
1597,influence,n
1598,throughout,n
1599,incorporating,n
1600,has,n
1601,assembly,n
1602,bridging,n
1603,drives,n
1604,comprise,n
1605,complement,n
1606,unbiased,n
1607,stabilized,n
1608,behind,n
1609,complementing,n
1610,distinguish,n
1611,computational,n
1612,accelerating,n
1613,promise,n
1614,underlies,n
1615,principally,n
1616,proving,n
1617,predict,n
1618,specifically,n
1619,validate,n
1620,emergent,n
1621,replacement,n
1622,biobanking,n
1623,assisting,n
1624,outline,n
1625,expand,n
1626,included,n
1627,common,n
1628,macroscale,n
1629,coined,n
1630,microbe,n
1631,entitled,n
1632,morphogenesis,n
1633,multilayer,n
1634,leading,n
1635,before,n
1636,could,n
1637,increasing,n
1638,somewhat,n
1639,maximize,n
1640,deliver,n
1641,investigate,n
1642,enclose,n
1643,trackable,n
1644,extended,n
1645,passaging,n
1646,immunolabeled,n
1647,thawing,n
1648,actual,n
1649,akst,n
1650,a,n
1651,cas9,n
1652,28,n
1653,given,n
1655,printed,n
1656,pair,n
1657,abnormal,n
1658,preserved,n
1660,isolates,n
1661,multilobed,n
1664,essential,n
1665,approaches,n
1667,micromass,n
1668,investigating,n
1669,immature,n
1670,reporting,n
1671,incorporated,n
1672,assembling,n
1673,fidelity,n
1674,regenerated,n
1675,mini,n
1678,knockdown,n
1679,infection,n
1680,proposes,n
1681,hipro,n
1682,automatable,n
1683,four,n
1684,utilized,n
1685,fate,n
1686,proper,n
1687,cavitated,n
1688,providing,n
1689,multiplex,n
1690,manipulate,n
1691,nos,n
1692,horse,n
1693,equine,n
1694,infecting,n
1695,stereotypic,n
1697,regulated,n
1698,inducible,n
1699,blebbistatin,n
1700,cm,n
1701,preculture,n
1704,showing,n
1705,droplet,n
1706,intracellular,n
1707,pseudo,n
1708,simple,n
1709,developmental,n
1710,nested,n
1711,optimizing,n
1712,supporting,n
1714,microvascularized,n
1715,multidimensional,n
1716,bioprinting,n
1717,glycoengineered,n
1719,walled,n
1720,mimicking,n
1721,provide,n
1722,nonengineered,n
1723,compromises,n
1724,influences,n
1725,highly,n
1727,overcoming,n
1728,antioxidative,n
1729,facile,n
1730,durable,n
1731,volcanogenic,n
1732,humane,n
1733,summarizes,n
1734,condensed,n
1735,intelligent,n
1736,ibcs,n
1737,internal,n
1738,controllable,n
1739,potentiate,n
1740,transplanting,n
1741,lead,n
1742,cerbral,n
1744,segment,n
1745,simulating,n
1746,track,n
1747,segments,n
1748,36,n
1749,450,n
1750,maximises,n
1751,highest,n
1752,generalized,n
1753,dynamic,n
1754,pch2a,n
1755,410,n
1756,precisely,n
1757,confirming,n
1758,inform,n
1759,stbout,n
1760,stbin,n
1761,sentence,n
1762,rewired,n
1766,revealed,n
1769,ble,n
1770,reducing,n
1772,vertex,n
1774,i,n
1775,fluid,n
1778,flattened,n
1779,employs,n
1780,examined,n
1781,overexpressing,n
1782,damaged,n
1783,greater,n
1785,along,n
1787,rd16,n
1788,explanted,n
1789,tridimensional,n
1790,72,n
1791,kpc46,n
1792,ndegree2,n
1793,understanding,n
1794,regenerative,n
1795,describe,n
1797,fertile,n
1798,prepared,n
1800,suggested,n
1801,cultivate,n
1802,constructed,n
1804,opportunities,n
1805,intensive,n
1806,varied,n
1807,shields,n
1808,consistent,n
1809,resolve,n
1810,visualizing,n
1812,controversial,n
1813,ethical,n
1814,benefiting,n
1815,optimizes,n
1817,wet,n
1820,profiled,n
1821,transfecting,n
1822,potential,n
1823,unite,n
1824,another,n
1825,biosensor,n
1826,explore,n
1828,htsc,n
1829,albinism,n
1833,cdd,n
1834,cause,n
1835,further,n
1836,infertile,n
1839,achieve,n
1842,nonbudding,n
1843,late,n
1844,relative,n
1845,218,n
1847,bioelectronic,n
1848,embedding,n
1849,embo,n
1850,invasive,n
1851,noninvasive,n
1852,hyperplastic,n
1853,loss,n
1855,influenced,n
1856,morphological,n
1857,twelve,n
1858,12,n
1859,propagating,n
1865,nmp,n
1866,subjecting,n
1867,fus,n
1868,transplantation,n
1871,suitable,n
1872,passaged,n
1874,masse,n
1875,population,n
1878,disrupts,n
1880,spearhead,n
1881,preclinical,n
1882,match,n
1884,versatile,n
1885,isogeneic,n
1888,es,n
1890,irinotecan,n
1891,kpic,n
1892,validating,n
1893,confluent,n
1894,desired,n
1895,matching,n
1896,slowed,n
1898,accelerated,n
1901,ehsc,n
1902,platform,n
1904,pymt,n
1905,progression,n
1906,disorder,n
1913,d178n,n
1915,will,n
1916,inestinal,n
1917,ii,n
1918,hiat2,n
1919,insights,n
1920,tert1,n
1921,exvivo,n
1922,individualized,n
1923,young,n
1924,hypertrophic,n
1926,resistance,n
1931,kpcm,n
1933,drove,n
1934,vi,n
1935,atypical,n
1936,visualise,n
1937,lift,n
1939,uninfected,n
1940,plant,n
1941,iko,n
1942,translating,n
1943,design,n
1945,instructing,n
1946,classic,n
1947,intrinsic,n
1948,embrace,n
1949,multiregional,n
1950,constructing,n
1951,harnessed,n
1952,underpins,n
1953,pathological,n
1954,hbv,n
1955,here,n
1956,involving,n
1957,vitrocultures,n
1958,chinese,n
1959,affects,n
1967,lab,n
1968,formation,n
1969,materials,n
1970,activity,n
1977,breathing,n
1979,nl63,n
1980,physiodynamic,n
1983,days,n
1984,trials,n
1986,body,n
1997,connection,n
2003,en,n
2008,environment,n
2010,seeding,n
2014,innervation,n
2015,injury,n
2017,peristalsis,n
2021,impairments,n
2023,slice,n
2030,dysfunction,n
2032,types,n
2036,interrogate,n
2045,recirculation,n
2048,aspergillosis,n
2050,peristaltic,n
2055,organotypic,n
2058,gradient,n
2060,matured,n
2061,bodies,n
2062,bule,n
2063,systems,n
2064,directly,n
2065,art,n
2069,phenotypes,n
2076,killing,n
2079,mutans,n
2082,apoptosis,n
2083,regions,n
2085,efficacy,n
2087,simultaneous,n
2089,determined,n
2092,transducers,n
2094,cigarettes,n
2099,provides,n
2100,allergy,n
2101,digestion,n
2102,response,n
2103,fbr,n
2105,remodeling,n
2110,disc,n
2111,microenvironments,n
2113,amd,n
2115,flow,n
2117,scar,n
2120,pathophysiology,n
2121,functions,n
2122,enables,n
2126,transport,n
2127,sites,n
2131,features,n
2133,channels,n
2134,cultures,n
2135,gradients,n
2136,semiconductor,n
2139,level,n
2141,routine,n
2142,models,n
2143,microcirculation,n
2146,pixel,n
2148,splenon,n
2150,repro,n
2151,ogans,n
2153,eight,n
2154,respiration,n
2155,constructs,n
2156,mtf,n
2158,chip,n
2160,gan,n
2163,manufactured,n
2164,respective,n
2165,methods,n
2170,pharmacokinetics,n
2173,responses,n
2174,immunology,n
2178,labs,n
2179,laboratories,n
2180,rhythm,n
2181,biology,n
2182,ivf,n
2183,components,n
2184,mechanobiology,n
2185,you,n
2186,place,n
2188,drugs,n
2189,drug,n
2190,fishing,n
2192,cleaner,n
2193,manipulations,n
2194,neurotransmitters,n
2195,hemorrhage,n
2196,treatment,n
2197,osteogenesis,n
2198,evaluated,n
2201,pioneering,n
2203,pattern,n
2204,inhibition,n
2205,cavitation,n
2208,maintained,n
2212,uptake,n
2215,bmecs,n
2217,down,n
2218,2dmgos,n
2222,evaluation,n
2223,adjustable,n
2225,dictates,n
2226,brian,n
2227,contact,n
2229,training,n
2233,devices,n
2234,device,n
2235,analysis,n
2236,metabolomics,n
2237,them,n
2238,physiome,n
2239,assessed,n
2240,assay,n
2241,biosensors,n
2242,worm,n
2243,molecules,n
1,breast,y
2,mammary,y
5,prostate,y
6,brain,y
8,cerebral,y
10,embryonic,y
12,midbrain,y
18,tumor,y
25,cardiac,y
26,gastric,y
28,derived,y
30,tissue,y
31,adenoma,y
36,tracheosphere,y
37,urothelial,y
39,neural,y
41,kidney,y
46,retinal,y
47,cortical,y
48,colonic,y
49,renal,y
60,luad,y
61,liver,y
67,airway,y
68,cancer,y
70,pdac,y
74,otic,y
78,lung,y
82,patient,y
90,cell,y
92,hepatic,y
99,chordoma,y
102,neuronal,y
103,cartilage,y
106,epithelial,y
109,testicular,y
110,gut,y
111,scz,y
112,colon,y
119,ileal,y
127,ocular,y
128,muscle,y
131,gastrointestinal,y
133,tumour,y
137,asc,y
138,nose,y
139,pda,y
140,ileum,y
142,neuroepithelial,y
146,alveolar,y
147,tcc,y
159,salivary,y
161,like,y
164,cochlear,y
172,mucosal,y
173,esophageal,y
176,gbm,y
177,rpe,y
182,endometrial,y
185,crc,y
187,keratinocyte,y
190,mesoderm,y
191,pm,y
192,hepatostellate,y
198,syndrome,y
202,thyroid,y
207,forebrain,y
209,glioma,y
211,pancreatic,y
213,iec,y
217,cystic,y
227,cornea,y
229,corneal,y
231,vascular,y
232,bronchial,y
235,decidua,y
236,trophoblast,y
237,adrenal,y
239,cholangiocarcinoma,y
240,tnbc,y
243,carcinoma,y
245,thymic,y
247,bladder,y
248,heart,y
249,cscc,y
250,scc,y
254,glioblastoma,y
258,epithelium,y
266,cholangiocyte,y
268,adenocarcinoma,y
278,hse,y
282,cmt,y
292,progenitor,y
293,ipsc,y
294,tip,y
296,vesicle,y
297,retina,y
300,telencephalic,y
304,endometriotic,y
306,ihuf,y
307,hgsc,y
310,hepatobiliary,y
313,gej,y
316,cortex,y
319,striatal,y
320,oe,y
324,enamel,y
326,ms,y
328,parathyroid,y
330,medulloblastoma,y
331,mb,y
339,hpsc,y
343,taste,y
346,thymus,y
347,nb,y
348,hepatoblast,y
349,respiratory,y
357,gi,y
359,fte,y
364,spinal,y
370,fibrotic,y
376,biliary,y
377,ds,y
378,rc,y
379,islet,y
381,skin,y
382,cyborg,y
389,chondrogenic,y
391,hgsoc,y
392,ft,y
395,ovarian,y
401,nash,y
404,cervical,y
405,brainstem,y
410,cancerous,y
411,jejunal,y
412,hd,y
413,colorectal,y
432,fetal,y
433,icm,y
439,caecum,y
447,ub,y
448,cd,y
450,hfsc,y
452,caecal,y
455,nepc,y
457,uc,y
460,cerebellar,y
461,antrum,y
465,ad,y
470,multi,y
483,tonsil,y
484,endothelial,y
487,bbb,y
492,mec,y
495,ipmn,y
499,nbs,y
506,hepatocyte,y
514,oscc,y
524,pancreas,y
525,neurovascular,y
530,metastatic,y
532,arpkd,y
534,hcc,y
535,chondral,y
536,synovial,y
545,neuroectoderm,y
546,ovb,y
548,ph,y
550,ectocervical,y
553,antral,y
555,oviduct,y
557,gists,y
560,plc,y
563,nsclc,y
566,flc,y
568,os,y
581,cca,y
583,nasal,y
585,rcc,y
587,pituitary,y
588,hp,y
594,crpc,y
599,bc,y
602,ec,y
604,follicle,y
605,hf,y
607,stomach,y
608,bone,y
609,sg,y
613,ne,y
622,multiocular,y
626,cerebellum,y
627,rectal,y
632,si,y
633,trcc,y
636,corpus,y
641,abomasal,y
642,ectocervix,y
647,tonsillar,y
648,bph,y
651,dgc,y
654,duodenal,y
659,melanoma,y
660,sarcoma,y
663,meningioma,y
665,iub,y
669,gc,y
671,xenograft,y
675,cf,y
694,ba,y
695,testis,y
698,gallbladder,y
704,fat,y
720,eye,y
722,mesenchymal,y
724,esophagus,y
728,hindbrain,y
729,crypt,y
730,oesophageal,y
731,isc,y
734,npc,y
735,mucosa,y
736,asd,y
741,cra,y
757,limb,y
764,placental,y
768,ehd,y
769,ihd,y
770,lgg,y
772,sc,y
773,neuroimmune,y
791,inflammatory,y
796,hipsc,y
800,proacinar,y
803,islets,y
808,cartilaginous,y
814,isg,y
815,duodenum,y
822,hne,y
825,adipose,y
827,wat,y
829,icc,y
837,atresia,y
838,neoplastic,y
840,neuron,y
842,pdx,y
845,ehbd,y
849,utuc,y
850,mge,y
851,rb,y
854,lusc,y
856,adipocyte,y
860,ear,y
861,nerve,y
865,btc,y
874,swg,y
875,thalamic,y
876,vaginal,y
877,macrophages,y
878,papilla,y
884,luminal,y
891,epididymal,y
896,mrt,y
899,skeletal,y
900,neuro,y
905,placenta,y
907,adenomyosis,y
909,parenchymal,y
910,mcrpc,y
913,ie,y
914,gbc,y
919,gonadal,y
923,tumours,y
928,epithelia,y
929,pc,y
935,reproductive,y
936,oa,y
937,pneumocyte,y
941,ptc,y
942,ht,y
943,tfc,y
945,ctc,y
946,valve,y
956,hua,y
957,pca,y
961,adpkd,y
964,cac,y
965,extrahepatic,y
968,sys,y
969,deriving,y
971,lingual,y
986,epidermis,y
989,follicular,y
990,pulmonary,y
996,osteochondral,y
999,pmse,y
1006,dpsc,y
1007,dipg,y
1008,neuroblastoma,y
1011,disease,y
1012,hepatocarcinoma,y
1016,fxs,y
1017,chondrosarcoma,y
1018,dfc,y
1023,hcrc,y
1027,hga,y
1031,endometriosis,y
1032,endometrium,y
1036,acinar,y
1041,squamous,y
1042,bronchiolar,y
1048,nec,y
1050,hofs,y
1052,foetal,y
1059,lungs,y
1060,gb,y
1061,membrane,y
1065,lg,y
1066,lacrimal,y
1068,ghofs,y
1069,oviductal,y
1072,srcc,y
1082,epidermal,y
1083,ihcc,y
1090,monolayer,y
1092,cytotrophoblast,y
1093,chondrocyte,y
1095,cc,y
1101,jejunum,y
1103,oral,y
1104,tooth,y
1109,sclc,y
1110,cutaneous,y
1112,eac,y
1113,cardiomyocyte,y
1114,testes,y
1118,endocrine,y
1119,forestomach,y
1122,crpm,y
1131,gonad,y
1136,hippocampal,y
1137,hypothalamic,y
1140,intraductal,y
1141,nen,y
1152,raird,y
1155,chp,y
1163,triphasic,y
1164,villus,y
1166,neuromuscular,y
1168,drg,y
1172,lpc,y
1173,lsec,y
1174,tracheal,y
1175,hepatoblastoma,y
1178,lymphoma,y
1179,limbal,y
1182,nontumor,y
1185,sebaceous,y
1187,olfactory,y
1189,mpd,y
1200,enteral,y
1205,subcortical,y
1206,rectum,y
1207,schizophrenia,y
1208,epiblast,y
1213,usc,y
1217,csf,y
1218,hee,y
1224,ibd,y
1225,pd,y
1229,ac,y
1230,cellular,y
1232,neocortical,y
1242,spleen,y
1245,fibrosis,y
1247,oc,y
1250,enteric,y
1263,tsa,y
1264,osteogenic,y
1268,acini,y
1270,haematopoietic,y
1283,trachea,y
1285,hnscc,y
1287,gfs,y
1288,dpmc,y
1302,boundary,y
1303,colitis,y
1307,endodermal,y
1316,bm,y
1317,lympho,y
1319,pcc,y
1333,pdox,y
1337,cccc,y
1339,urethral,y
1342,hihep,y
1356,lga,y
1361,tao,y
1377,telencephalon,y
1379,ctb,y
1380,umbo,y
1392,lymphoid,y
1401,dga,y
1407,dp,y
1412,neuroectodermal,y
1414,trophectoderm,y
1415,hypothalamus,y
1420,metastases,y
1421,precardiac,y
1423,vestibular,y
1425,hepatoma,y
1427,cells,y
1432,neuroendocrine,y
1433,dermal,y
1434,hematopoietic,y
1435,spheroidal,y
1443,pkd,y
1449,submucosal,y
1458,urine,y
1463,minicorneal,y
1465,enterocyte,y
1467,panin,y
1482,ihep,y
1484,masc,y
1485,cardiovascular,y
1488,nephron,y
1490,spheroid,y
1508,prostatic,y
1509,fundic,y
1513,lobular,y
1524,villous,y
1528,mpm,y
1533,multiregion,y
1534,git,y
1539,nonparenchymal,y
1564,mg,y
1573,alveoli,y
1574,cns,y
1578,hair,y
1584,organ,y
1585,hpb,y
1591,blastocyst,y
1654,nonsrcc,y
1659,crlm,y
1662,callus,y
1663,germ,y
1666,blastema,y
1676,clc,y
1677,bronchioalveolar,y
1696,epitheloid,y
1702,mucociliary,y
1703,tendon,y
1713,animal,y
1718,ipscs,y
1726,pg,y
1743,eminence,y
1763,neurofibroma,y
1764,cnf,y
1765,turtle,y
1767,pitnet,y
1768,pp,y
1771,gins,y
1773,pig,y
1776,disse,y
1777,acc,y
1784,fibroblast,y
1786,tongue,y
1796,ftec,y
1799,hsi,y
1803,cardiopulmonary,y
1811,mesodermal,y
1816,bg,y
1818,foregut,y
1819,myocardium,y
1827,feline,y
1830,osteo,y
1831,sgc,y
1832,mm,y
1837,mesothelioma,y
1838,cmm,y
1840,nich,y
1841,df,y
1846,mpt,y
1854,mda,y
1860,bca,y
1861,cochlea,y
1862,copd,y
1863,nd,y
1864,neuromesodermal,y
1869,pcd,y
1870,retinoblastoma,y
1873,meibocyte,y
1876,hindgut,y
1877,sccc,y
1879,icca,y
1883,cmt1a,y
1886,ush1b,y
1887,drvt,y
1889,carcinomatosis,y
1897,hpc,y
1899,bat,y
1900,dog,y
1903,ced,y
1907,cecum,y
1908,ag,y
1909,iag,y
1910,alveolosphere,y
1911,vm,y
1912,mcrc,y
1914,ffi,y
1925,nmibc,y
1927,t1crc,y
1928,am,y
1929,hb,y
1932,ectodermal,y
1938,exocrine,y
1944,tumoral,y
1960,meningeal,y
1961,cholangiocytes,y
1966,organs,y
1971,organoid,y
1972,oncology,y
1973,microvasculature,y
1974,microvascular,y
1975,microvessel,y
1976,microvessels,y
1978,choroid,y
1981,organoids,y
1987,glaucoma,y
1988,angiogenesis,y
1990,mesonephros,y
1991,agm,y
1992,hbm,y
1994,alveolus,y
1998,enterocolitis,y
1999,bronchioles,y
2000,axons,y
2001,axon,y
2002,endothelium,y
2004,aorta,y
2005,vagina,y
2006,avm,y
2007,capillaries,y
2009,embryos,y
2011,airways,y
2012,omentum,y
2013,acl,y
2016,multiorgan,y
2018,tissues,y
2019,glymphatics,y
2020,gvu,y
2022,microtissue,y
2024,atherothrombosis,y
2025,placentas,y
2026,mi,y
2027,tbi,y
2028,hearts,y
2029,glomerulus,y
2031,metastasis,y
2033,bbtb,y
2034,cavd,y
2035,aneurysm,y
2037,spheroids,y
2038,neurons,y
2039,axis,y
2040,ischemia,y
2041,artery,y
2042,thrombosis,y
2043,inflammation,y
2044,monolayers,y
2046,pump,y
2047,leukemia,y
2049,hepatocytes,y
2051,acinus,y
2052,steatohepatitis,y
2053,nvu,y
2054,enteroids,y
2056,gka,y
2057,microphysiology,y
2059,livers,y
2066,arrhythmia,y
2067,lv,y
2068,circuits,y
2070,microaneurysm,y
2071,epitheliums,y
2072,nem,y
2073,perivascularniche,y
2074,mucus,y
2075,emn,y
2077,nephrotoxicity,y
2078,nafld,y
2080,polyp,y
2081,amnion,y
2084,microphysiological,y
2086,pah,y
2088,ctcs,y
2090,ln,y
2091,synovium,y
2093,hypoxia,y
2095,physiology,y
2096,neurogenesis,y
2097,blood,y
2098,epilepsy,y
2104,wound,y
2106,tumors,y
2107,osteoarthritis,y
2108,microbiome,y
2112,ovary,y
2116,sinusoid,y
2118,ccrcc,y
2119,dlbcl,y
2123,myotubes,y
2124,nvus,y
2125,nephropathy,y
2128,progeria,y
2129,microvasculatures,y
2130,vein,y
2132,synapse,y
2137,caf,y
2140,ebs,y
2144,kidneys,y
2145,glomeruli,y
2147,musculature,y
2149,hnecs,y
2152,adipocytes,y
2157,diseases,y
2159,obrb,y
2161,colonoids,y
2162,joints,y
2167,brains,y
2168,ulcer,y
2169,dfu,y
2171,multiorgans,y
2172,patients,y
2175,homeostasis,y
2176,vascularization,y
2177,cardiomyocytes,y
2187,bbbs,y
2191,embryo,y
2199,tme,y
2200,microbiota,y
2202,follicles,y
2206,optec,y
2207,hemostasis,y
2209,sinus,y
2210,lobule,y
2211,vlsll,y
2213,spine,y
2214,periodontium,y
2216,organiods,y
2220,parenchyma,y
2221,biocircuits,y
2224,hypertonia,y
2228,womb,y
2230,graft,y
2231,microtissues,y
2232,guts,y
771,13,n
1448,0,n
1962,27,n
1963,tubal,n
1964,personal,n
1965,characteristic,n
2244,representations,n
2245,diffusion,n
2246,ens,y
2247,arteries,y
2248,atherosclerosis,y
2249,osteoclastogenesis,y
2250,flexible,n
2251,metabolomic,n
2252,achieved,n
2253,smc,y
2254,urothelium,y
2255,counting,n
2256,demonstrates,n
2257,interaction,n
2258,vc,y
2259,crevice,y
2260,scaffold,n
2261,tumoroid,y
2262,lqts2,y
2263,miniature,n
2264,neurovasculature,y
2265,consortia,n
2266,mucositis,y
2267,biosystem,n
2268,evolution,n
2269,mcts,n
2270,abb,y
2271,immunity,n
2272,hbbb,y
2273,expansion,n
2274,pillars,n
2275,assembloid,y
2276,pji,y
2277,exposure,n
2278,lack,n
2279,performance,n
2280,zone,n
2281,annulus,y