tumor,include
cancer,y
tumor,y
cancers,y
metastasis,y
oncology,y
tumors,y
stroma,n
adenoma,y
adenomas,y
adenocarcinomas,y
neoplastic,y
carcinogenesis,y
tumorigenesis,y
adenocarcinoma,y
carcinoma,y
tumour,y
tumours,y
metastatic,y
carcinosarcoma,y
glioblastoma,y
metastases,y
chordoma,y
chordomas,y
glaucoma,n
gliomas,y
glioma,y
glioblastomas,y
oncogenesis,y
carcinomas,y
fibrosarcoma,y
angiomylipoma,n
myeloma,y
rhabdomyosarcoma,y
rhabdomyosarcomas,y
sarcomas,y
cholangiocarcinoma,y
boma,n
medulloblastoma,y
hepatocarcinoma,y
neuroblastoma,y
neoplasms,y
melanoma,y
papilloma,y
retinoblastoma,y
myelomas,y
melanomas,y
soma,n
oligodendroglioma,y
oligodendrogliomas,y
granuloma,n
granulomas,n
lymphoma,y
meningioma,y
meningiomas,y
teratomas,y
osteosarcomas,y
osteosarcoma,y
sarcoma,y
neoplasm,y
insulinoma,y
hepatoma,y
roma,n
ameloblastoma,y
angiomyolipomas,y
angiosarcomas,y
leiomyosarcoma,y
liposarcoma,y
myxofibrosarcoma,y
dermatofibrosarcoma,y
teratoma,y
hamartomas,y
prolactinoma,y
leiomyomas,y
myomas,y
retinoblastomas,y
retinoma,y
nonadenoma,n
carcinoid,y
angiomyolipoma,y
gastrinomas,y
antiglioma,n
vivoteratoma,n
adenomyoepithelioma,y
lymphomas,y
trypanosoma,n
plasmacytoma,y
chondrosarcoma,y
chondrosarcomas,y
coma,n
drosarcoma,n
neuroblastomas,y
carcinoids,y
cholangiocarcinomas,y
choriocarcinoma,y
astrocytoma,y
gastrinoma,y
porocarcinoma,y
hamartoma,y
thyroblastoma,y
blastoma,y
hepatoblastoma,y
somas,n
angiomas,y
paraganglioma,y
xanthomas,n
nephromas,y
ependymoma,y
nephroblastoma,y
nongranuloma,n
mesothelioma,y
paragangliomas,y
discosoma,n
sebaceoma,n
sebaceomas,n
hybridoma,n
schwannoma,y
schwannomas,y
microadenomas,y
microadenoma,y
pseudomyxoma,y
hepatoblastomas,y
trichoadenoma,y
choristoma,y
choristomas,y
lipoma,n
fibroadenomas,y
cholesteatoma,n
schistosoma,n
perineurioma,y
oncocytoma,y
oncocytomas,y
endometrioma,n
stoma,n
coloboma,n
harmatomas,n
pheochromocytoma,y
tumourstroma,n
hemangioma,n
syringocystadenoma,y
polyoma,n
ganglioneuroma,y
sialolipoma,y
sialolipomas,y
ganglioneuromas,y
nonmelanoma,n
antilymphoma,n
neurofibroma,y
thymoma,y
thymolipoma,y
thymomas,y
thymolipomas,y
myoepithelioma,y
lipofibroadenoma,y
timoma,n
craniopharyngioma,y
astroglioma,y
pseudocolobomas,n
hepatomas,y
neurofibromas,y
chondosarcoma,y
hemangiomas,y
craniopharyngiomas,y
cystadenolymphoma,y
leiomyoma,y